{"stats":{"minecraft:dropped":{"minecraft:nether_star":2},"minecraft:picked_up":{"tardis:tardis_key":1,"aseoha:eye_of_harmony":1,"minecraft:rotten_flesh":4,"aseoha:harmonic_pillar":1,"tardis:int_door":1,"minecraft:nether_star":3},"minecraft:custom":{"minecraft:time_since_rest":197218,"minecraft:open_chest":1,"minecraft:crouch_one_cm":12105,"minecraft:play_one_minute":252530,"minecraft:sprint_one_cm":57327,"minecraft:deaths":1,"minecraft:walk_one_cm":78967,"minecraft:sneak_time":3834,"minecraft:drop":2,"minecraft:jump":251,"minecraft:damage_dealt":10,"minecraft:leave_game":13,"minecraft:walk_on_water_one_cm":341,"minecraft:time_since_death":197187,"minecraft:fly_one_cm":514018},"minecraft:used":{"tardis:int_door":1,"minecraft:wolf_spawn_egg":3,"aseoha:eye_of_harmony":13,"aseoha:tardis_coral":13,"minecraft:creeper_spawn_egg":1}},"DataVersion":2586}